chapter,name
1,The Hill
2,Hod Putt
3,Ollie McGee
4,Fletcher McGee
5,Robert Fulton Tanner
6,Cassius Hueffer
7,Serepta Mason
8,Amanda Barker
9,Constance Hately
10,Chase Henry
11,Harry Carey Goodhue
12,Judge Somers
13,Kinsey Keene
14,Benjamin Pantier
15,Mrs. Benjamin Pantier
16,Reuben Pantier
17,Emily Sparks
18,"Trainor, the Druggist"
19,Daisy Fraser
20,Benjamin Fraser
21,Minerva Jones
22,Indignation” Jones
23,Doctor Meyers
24,Mrs. Meyers
25,Butch” Weldy
26,Knowlt Hoheimer
27,Lydia Puckett
28,Frank Drummer
29,Hare Drummer
30,Conrad Siever
31,Doc Hill
32,Andy the Night-Watch
33,Sarah Brown
34,Percy Bysshe Shelley
35,Flossie Cabanis
36,Julia Miller
37,Johnnie Sayre
38,Charlie French
39,Zenas Witt
40,Theodore the Poet
41,The Town Marshal
42,Jack McGuire
43,Dorcas Gustine
44,Nicholas Bindle
45,Jacob Goodpasture
46,Harold Arnett
47,Margaret Fuller Slack
48,George Trimble
49,Dr. Siegfried Iseman
50,Ace” Shaw
51,Lois Spears
52,Justice Arnett
53,Willard Fluke
54,Aner Clute
55,Lucius Atherton
56,Homer Clapp
57,Deacon Taylor
58,Sam Hookey
59,Cooney Potter
60,Fiddler Jones
61,Nellie Clark
62,Louise Smith
63,Herbert Marshall
64,George Gray
65,Hon. Henry Bennett
66,Griffy the Cooper
67,Sexsmith the Dentist
68,A. D. Blood
69,Robert Southey Burke
70,Dora Williams
71,Mrs. Williams
72,William and Emily
73,The Circuit Judge
74,Blind Jack
75,John Horace Burleson
76,Nancy Knapp
77,Barry Holden
78,State’s Attorney Fallas
79,Wendell P. Bloyd
80,Francis Turner
81,Franklin Jones
82,John M. Church
83,Russian Sonia
84,Isa Nutter
85,Barney Hainsfeather
86,"Petit, the Poet"
87,Pauline Barrett
88,Mrs. Charles Bliss
89,Mrs. George Reece
90,Rev. Lemuel Wiley
91,"Thomas Ross, Jr"
92,Rev. Abner Peet
93,Jefferson Howard
94,Judge Selah Lively
95,Albert Schirding
96,Jonas Keene
97,Eugenia Todd
98,Yee Bow
99,Washington McNeely
100,Paul McNeely
101,Mary McNeely
102,Daniel M’Cumber
103,Georgine Sand Miner
104,Thomas Rhodes
105,Ida Chicken
106,"Penniwit, the Artist"
107,Jim Brown
108,Robert Davidson
109,Elsa Wertman
110,Hamilton Greene
111,Ernest Hyde
112,Roger Heston
113,Amos Sibley
114,Mrs. Sibley
115,Adam Weirauch
116,Ezra Bartlett
117,Amelia Garrick
118,John Hancock Otis
119,Anthony Findlay
120,John Cabanis
121,The Unknown
122,Alexander Throckmorton
123,Jonathan Swift Somers
124,Widow McFarlane
125,Carl Hamblin
126,Editor Whedon
127,Eugene Carman
128,Clarence Fawcett
129,W. Lloyd Garrison Standard
130,Professor Newcomer
131,Ralph Rhodes
132,Mickey M’Grew
133,Rosie Roberts
134,Oscar Hummel
135,Roscoe Purkapile
136,Mrs. Purkapile
137,Josiah Tompkins
138,Mrs. Kessler
139,Harmon Whitney
140,Bert Kessler
141,Lambert Hutchins
142,Lillian Stewart
143,Hortense Robbins
144,Batterton Dobyns
145,Jacob Godbey
146,Walter Simmons
147,Tom Beatty
148,Roy Butler
149,Searcy Foote
150,Edmund Pollard
151,Thomas Trevelyan
152,Percival Sharp
153,Hiram Scates
154,Peleg Poague
155,Jeduthan Hawley
156,Abel Melveny
157,Oaks Tutt
158,Elliott Hawkins
159,Voltaire Johnson
160,English Thornton
161,Enoch Dunlap
162,Ida Frickey
163,Seth Compton
164,Felix Schmidt
165,Schroeder the Fisherman
166,Richard Bone
167,Silas Dement
168,Dillard Sissman
169,Jonathan Houghton
170,E. C. Culbertson
171,Shack Dye
172,Hildrup Tubbs
173,Henry Tripp
174,Granville Calhoun
175,Henry C. Calhoun
176,Alfred Moir
177,Perry Zoll
178,Dippold the Optician
179,Magrady Graham
180,Archibald Higbie
181,Tom Merritt
182,Mrs. Merritt
183,Elmer Karr
184,Elizabeth Childers
185,Edith Conant
186,Charles Webster
187,Father Malloy
188,Ami Green
189,Calvin Campbell
190,Henry Layton
191,Harlan Sewall
192,Ippolit Konovaloff
193,Henry Phipps
194,Harry Wilmans
195,John Wasson
196,Many Soldiers
197,Godwin James
198,Lyman King
199,Caroline Branson
200,Anne Rutledge
201,Hamlet Micure
202,Mabel Osborne
203,William H. Herndon
204,Rebecca Wasson
205,Rutherford McDowell
206,Hannah Armstrong
207,Lucinda Matlock
208,Davis Matlock
209,Herman Altman
210,Jennie M’Grew
211,Columbus Cheney
212,Wallace Ferguson
213,Marie Bateson
214,Tennessee Claflin Shope
215,Plymouth Rock Joe
216,Imanuel Ehrenhardt
217,Samuel Gardner
218,Dow Kritt
219,William Jones
220,William Goode
221,J. Milton Miles
222,Faith Matheny
223,Scholfield Huxley
224,Willie Metcalf
225,Willie Pennington
226,The Village Atheist
227,John Ballard
228,Julian Scott
229,Alfonso Churchill
230,Zilpha Marsh
231,James Garber
232,Lydia Humphrey
233,Le Roy Goldman
234,Gustav Richter
235,Arlo Will
236,Captain Orlando Killion
237,Jeremy Carlisle
238,Joseph Dixon
239,Judson Stoddard
240,Russell Kincaid
241,Aaron Hatfield
242,Isaiah Beethoven
243,Elijah Browning
244,Webster Ford
245,The Spooniad
246,Epilogue
